Pipeline_Pipeline,CellProfiler_Version,Run_Timestamp,Modification_Timestamp
"CellProfiler Pipeline: http://www.cellprofiler.org
Version:5
DateRevision:421
GitHash:
ModuleCount:59
HasImagePlaneDetails:False

Images:[module_num:1|svn_version:'Unknown'|variable_revision_number:2|show_window:False|notes:['v1 - basic version median filter', 'v2 - background subtract', 'v3 - background subtract with using Tph2 to generate seeds\x85. need to fix holes in cells issue. Closure? add DAPI? Didn\x92t work', 'v4 - gather all nuclei, measure around them and use that to filter for those that are Tph2+, then add this binary to the Tph2 binary to get whole cell']|batch_state:array([], dtype=uint8)|enabled:True|wants_pause:False]
    :
    Filter images?:Images only
    Select the rule criteria:and (extension does isimage) (directory doesnot containregexp ""[\\/]\."")

Metadata:[module_num:2|svn_version:'Unknown'|variable_revision_number:6|show_window:False|notes:['The Metadata module optionally allows you to extract information describing your images (i.e, metadata) which will be stored along with your measurements. This information can be contained in the file name and/or location, or in an external file.']|batch_state:array([], dtype=uint8)|enabled:True|wants_pause:False]
    Extract metadata?:Yes
    Metadata data type:Text
    Metadata types:{}
    Extraction method count:1
    Metadata extraction method:Extract from file/folder names
    Metadata source:File name
    Regular expression to extract from file name:^(?P<Mouse>.*)_slide(?P<Slide>.*)_section(?P<Section>[0-9])_(?P<Region>.*)_C(?P<ChannelNumber>[0-9])
    Regular expression to extract from folder name:(?P<Date>[0-9]{4}_[0-9]{2}_[0-9]{2})$
    Extract metadata from:All images
    Select the filtering criteria:and (file does contain """")
    Metadata file location:Elsewhere...|
    Match file and image metadata:[]
    Use case insensitive matching?:No
    Metadata file name:None
    Does cached metadata exist?:No

NamesAndTypes:[module_num:3|svn_version:'Unknown'|variable_revision_number:8|show_window:False|notes:['The NamesAndTypes module allows you to assign a meaningful name to each image by which other modules will refer to it.']|batch_state:array([], dtype=uint8)|enabled:True|wants_pause:False]
    Assign a name to:Images matching rules
    Select the image type:Grayscale image
    Name to assign these images:DNA
    Match metadata:[]
    Image set matching method:Order
    Set intensity range from:Image metadata
    Assignments count:2
    Single images count:0
    Maximum intensity:255.0
    Process as 3D?:No
    Relative pixel spacing in X:1.0
    Relative pixel spacing in Y:1.0
    Relative pixel spacing in Z:1.0
    Select the rule criteria:and (file does endwith ""C1.tif"")
    Name to assign these images:DNA
    Name to assign these objects:Cell
    Select the image type:Grayscale image
    Set intensity range from:Image metadata
    Maximum intensity:255.0
    Select the rule criteria:and (file does endwith ""C2.tif"")
    Name to assign these images:Tph2
    Name to assign these objects:Nucleus
    Select the image type:Grayscale image
    Set intensity range from:Image metadata
    Maximum intensity:255.0

Groups:[module_num:4|svn_version:'Unknown'|variable_revision_number:2|show_window:False|notes:['The Groups module optionally allows you to split your list of images into image subsets (groups) which will be processed independently of each other. Examples of groupings include screening batches, microtiter plates, time-lapse movies, etc.']|batch_state:array([], dtype=uint8)|enabled:True|wants_pause:False]
    Do you want to group your images?:No
    grouping metadata count:1
    Metadata category:None

GaussianFilter:[module_num:5|svn_version:'Unknown'|variable_revision_number:1|show_window:False|notes:[]|batch_state:array([], dtype=uint8)|enabled:True|wants_pause:False]
    Select the input image:Tph2
    Name the output image:GaussianFilterTph2
    Sigma:100

RescaleIntensity:[module_num:6|svn_version:'Unknown'|variable_revision_number:3|show_window:False|notes:[]|batch_state:array([], dtype=uint8)|enabled:True|wants_pause:False]
    Select the input image:Tph2
    Name the output image:rescaleTph2
    Rescaling method:Stretch each image to use the full intensity range
    Method to calculate the minimum intensity:Custom
    Method to calculate the maximum intensity:Custom
    Lower intensity limit for the input image:0.0
    Upper intensity limit for the input image:1.0
    Intensity range for the input image:0.0,1.0
    Intensity range for the output image:0.0,1.0
    Select image to match in maximum intensity:None
    Divisor value:1.0
    Divisor measurement:None

ImageMath:[module_num:7|svn_version:'Unknown'|variable_revision_number:5|show_window:False|notes:[]|batch_state:array([], dtype=uint8)|enabled:True|wants_pause:False]
    Operation:Subtract
    Raise the power of the result by:1.0
    Multiply the result by:1.0
    Add to result:0.0
    Set values less than 0 equal to 0?:Yes
    Set values greater than 1 equal to 1?:Yes
    Replace invalid values with 0?:Yes
    Ignore the image masks?:No
    Name the output image:Tph2_BGsubtract
    Image or measurement?:Image
    Select the first image:rescaleTph2
    Multiply the first image by:1.0
    Measurement:
    Image or measurement?:Image
    Select the second image:GaussianFilterTph2
    Multiply the second image by:1.0
    Measurement:

EnhanceOrSuppressFeatures:[module_num:8|svn_version:'Unknown'|variable_revision_number:7|show_window:False|notes:[]|batch_state:array([], dtype=uint8)|enabled:True|wants_pause:False]
    Select the input image:Tph2_BGsubtract
    Name the output image:EnhanceNeurites
    Select the operation:Enhance
    Feature size:5
    Feature type:Neurites
    Range of hole sizes:1,10
    Smoothing scale:2
    Shear angle:0.0
    Decay:0.95
    Enhancement method:Tubeness
    Speed and accuracy:Fast
    Rescale result image:No

CorrectIlluminationCalculate:[module_num:9|svn_version:'Unknown'|variable_revision_number:2|show_window:False|notes:[]|batch_state:array([], dtype=uint8)|enabled:True|wants_pause:False]
    Select the input image:Tph2
    Name the output image:IllumTph2
    Select how the illumination function is calculated:Background
    Dilate objects in the final averaged image?:No
    Dilation radius:1
    Block size:30
    Rescale the illumination function?:No
    Calculate function for each image individually, or based on all images?:Each
    Smoothing method:Gaussian Filter
    Method to calculate smoothing filter size:Manually
    Approximate object diameter:10
    Smoothing filter size:60
    Retain the averaged image?:No
    Name the averaged image:IllumBlueAvg
    Retain the dilated image?:No
    Name the dilated image:IllumBlueDilated
    Automatically calculate spline parameters?:Yes
    Background mode:auto
    Number of spline points:5
    Background threshold:2.0
    Image resampling factor:2.0
    Maximum number of iterations:40
    Residual value for convergence:0.001

CorrectIlluminationApply:[module_num:10|svn_version:'Unknown'|variable_revision_number:5|show_window:False|notes:[]|batch_state:array([], dtype=uint8)|enabled:True|wants_pause:False]
    Select the input image:Tph2
    Name the output image:CorrTph2
    Select the illumination function:IllumTph2
    Select how the illumination function is applied:Subtract
    Set output image values less than 0 equal to 0?:Yes
    Set output image values greater than 1 equal to 1?:Yes

MeasureImageIntensity:[module_num:11|svn_version:'Unknown'|variable_revision_number:4|show_window:False|notes:[]|batch_state:array([], dtype=uint8)|enabled:True|wants_pause:False]
    Select images to measure:CorrTph2, Tph2, Tph2_BGsubtract
    Measure the intensity only from areas enclosed by objects?:No
    Select input object sets:
    Calculate custom percentiles:No
    Specify percentiles to measure:10,90

ImageMath:[module_num:12|svn_version:'Unknown'|variable_revision_number:5|show_window:False|notes:[]|batch_state:array([], dtype=uint8)|enabled:True|wants_pause:False]
    Operation:Subtract
    Raise the power of the result by:1.0
    Multiply the result by:1.0
    Add to result:0.0
    Set values less than 0 equal to 0?:Yes
    Set values greater than 1 equal to 1?:Yes
    Replace invalid values with 0?:Yes
    Ignore the image masks?:No
    Name the output image:CellSomaOnly
    Image or measurement?:Image
    Select the first image:Tph2_BGsubtract
    Multiply the first image by:1.0
    Measurement:
    Image or measurement?:Image
    Select the second image:EnhanceNeurites
    Multiply the second image by:1.5
    Measurement:

Threshold:[module_num:13|svn_version:'Unknown'|variable_revision_number:12|show_window:False|notes:[]|batch_state:array([], dtype=uint8)|enabled:True|wants_pause:False]
    Select the input image:Tph2_BGsubtract
    Name the output image:Threshold
    Threshold strategy:Global
    Thresholding method:Measurement
    Threshold smoothing scale:5
    Threshold correction factor:.5
    Lower and upper bounds on threshold:0.0,0.03
    Manual threshold:.2
    Select the measurement to threshold with:Intensity_LowerQuartileIntensity_Tph2_BGsubtract
    Two-class or three-class thresholding?:Three classes
    Log transform before thresholding?:Yes
    Assign pixels in the middle intensity class to the foreground or the background?:Foreground
    Size of adaptive window:50
    Lower outlier fraction:0.05
    Upper outlier fraction:0.05
    Averaging method:Mean
    Variance method:Standard deviation
    # of deviations:2.0
    Thresholding method:Minimum Cross-Entropy

RemoveHoles:[module_num:14|svn_version:'Unknown'|variable_revision_number:1|show_window:False|notes:[]|batch_state:array([], dtype=uint8)|enabled:True|wants_pause:False]
    Select the input image:Threshold
    Name the output image:SectionMask
    Size of holes to fill:100

MaskImage:[module_num:15|svn_version:'Unknown'|variable_revision_number:3|show_window:False|notes:[]|batch_state:array([], dtype=uint8)|enabled:True|wants_pause:False]
    Select the input image:CorrTph2
    Name the output image:Tph2CorrBGSubMasked
    Use objects or an image as a mask?:Image
    Select object for mask:None
    Select image for mask:SectionMask
    Invert the mask?:No

MaskImage:[module_num:16|svn_version:'Unknown'|variable_revision_number:3|show_window:False|notes:[]|batch_state:array([], dtype=uint8)|enabled:True|wants_pause:False]
    Select the input image:Tph2_BGsubtract
    Name the output image:Tph2BGSubMasked
    Use objects or an image as a mask?:Image
    Select object for mask:None
    Select image for mask:SectionMask
    Invert the mask?:No

Threshold:[module_num:17|svn_version:'Unknown'|variable_revision_number:12|show_window:False|notes:[]|batch_state:array([], dtype=uint8)|enabled:True|wants_pause:False]
    Select the input image:Tph2CorrBGSubMasked
    Name the output image:Tph2Neurons
    Threshold strategy:Adaptive
    Thresholding method:Minimum Cross-Entropy
    Threshold smoothing scale:2.9
    Threshold correction factor:0.7
    Lower and upper bounds on threshold:0.002,1.0
    Manual threshold:0.0
    Select the measurement to threshold with:None
    Two-class or three-class thresholding?:Two classes
    Log transform before thresholding?:No
    Assign pixels in the middle intensity class to the foreground or the background?:Background
    Size of adaptive window:500
    Lower outlier fraction:0.05
    Upper outlier fraction:0.05
    Averaging method:Mean
    Variance method:Standard deviation
    # of deviations:2.0
    Thresholding method:Otsu

MeasureImageIntensity:[module_num:18|svn_version:'Unknown'|variable_revision_number:4|show_window:False|notes:[]|batch_state:array([], dtype=uint8)|enabled:True|wants_pause:False]
    Select images to measure:Tph2BGSubMasked
    Measure the intensity only from areas enclosed by objects?:No
    Select input object sets:
    Calculate custom percentiles:No
    Specify percentiles to measure:10,90

RunCellpose:[module_num:19|svn_version:'Unknown'|variable_revision_number:3|show_window:False|notes:[]|batch_state:array([], dtype=uint8)|enabled:True|wants_pause:False]
    Select the input image:Tph2_BGsubtract
    Expected object diameter:21
    Detection mode:custom
    Name the output object:RunCellpose
    Use GPU:Yes
    Use averaging:Yes
    Supply nuclei image as well?:Yes
    Select the nuclei image:DNA
    Save probability image?:No
    Name the probability image:Probabilities
    Location of the pre-trained model file:Default Input Folder sub-folder|Desktop
    Pre-trained model file name:CP_tph2_nuc_405
    Flow threshold:0.0
    Cell probability threshold:0.0
    GPU memory share for each worker:0.3
    Stitch Threshold:0.0
    Use 3D:No
    Minimum size:15
    Z rescaling factor (anisotropy):1.0
    Use Omnipose for mask reconstruction:No
    Invert images:No

RunCellpose:[module_num:20|svn_version:'Unknown'|variable_revision_number:3|show_window:False|notes:[]|batch_state:array([], dtype=uint8)|enabled:True|wants_pause:False]
    Select the input image:DNA
    Expected object diameter:12
    Detection mode:nuclei
    Name the output object:Nuclei_pose
    Use GPU:Yes
    Use averaging:Yes
    Supply nuclei image as well?:No
    Select the nuclei image:None
    Save probability image?:No
    Name the probability image:Probabilities
    Location of the pre-trained model file:Elsewhere...|
    Pre-trained model file name:cyto_0
    Flow threshold:0.4
    Cell probability threshold:0.0
    GPU memory share for each worker:0.3
    Stitch Threshold:0.0
    Use 3D:No
    Minimum size:15
    Z rescaling factor (anisotropy):1.0
    Use Omnipose for mask reconstruction:No
    Invert images:No

MeasureObjectIntensity:[module_num:21|svn_version:'Unknown'|variable_revision_number:4|show_window:False|notes:[]|batch_state:array([], dtype=uint8)|enabled:True|wants_pause:False]
    Select images to measure:Tph2, Tph2Neurons, Tph2_BGsubtract
    Select objects to measure:RunCellpose

MeasureObjectSizeShape:[module_num:22|svn_version:'Unknown'|variable_revision_number:3|show_window:False|notes:[]|batch_state:array([], dtype=uint8)|enabled:True|wants_pause:False]
    Select object sets to measure:RunCellpose
    Calculate the Zernike features?:No
    Calculate the advanced features?:No

FilterObjects:[module_num:23|svn_version:'Unknown'|variable_revision_number:9|show_window:False|notes:[]|batch_state:array([], dtype=uint8)|enabled:True|wants_pause:False]
    Select the objects to filter:RunCellpose
    Name the output objects:Cells
    Select the filtering mode:Measurements
    Select the filtering method:Limits
    Select the objects that contain the filtered objects:None
    Select the location of the rules or classifier file:Elsewhere...|
    Rules or classifier file name:rules.txt
    Class number:1
    Measurement count:2
    Additional object count:0
    Assign overlapping child to:Both parents
    Keep removed objects as a seperate set?:No
    Name the objects removed by the filter:RemovedObjects
    Select the measurement to filter by:Intensity_MeanIntensity_Tph2Neurons
    Filter using a minimum measurement value?:Yes
    Minimum value:.6
    Filter using a maximum measurement value?:No
    Maximum value:1.0
    Select the measurement to filter by:AreaShape_Area
    Filter using a minimum measurement value?:Yes
    Minimum value:300
    Filter using a maximum measurement value?:No
    Maximum value:1.0

RelateObjects:[module_num:24|svn_version:'Unknown'|variable_revision_number:5|show_window:False|notes:[]|batch_state:array([], dtype=uint8)|enabled:True|wants_pause:False]
    Parent objects:Cells
    Child objects:Nuclei_pose
    Calculate child-parent distances?:Centroid
    Calculate per-parent means for all child measurements?:No
    Calculate distances to other parents?:No
    Do you want to save the children with parents as a new object set?:No
    Name the output object:
    Parent name:None

FilterObjects:[module_num:25|svn_version:'Unknown'|variable_revision_number:9|show_window:False|notes:[]|batch_state:array([], dtype=uint8)|enabled:True|wants_pause:False]
    Select the objects to filter:Nuclei_pose
    Name the output objects:Nuclei
    Select the filtering mode:Measurements
    Select the filtering method:Minimal per object
    Select the objects that contain the filtered objects:Cells
    Select the location of the rules or classifier file:Elsewhere...|
    Rules or classifier file name:rules.txt
    Class number:1
    Measurement count:1
    Additional object count:0
    Assign overlapping child to:Parent with most overlap
    Keep removed objects as a seperate set?:No
    Name the objects removed by the filter:RemovedObjects
    Select the measurement to filter by:Distance_Centroid_Cells
    Filter using a minimum measurement value?:Yes
    Minimum value:.6
    Filter using a maximum measurement value?:No
    Maximum value:1.0

RelateObjects:[module_num:26|svn_version:'Unknown'|variable_revision_number:5|show_window:False|notes:[]|batch_state:array([], dtype=uint8)|enabled:True|wants_pause:False]
    Parent objects:Cells
    Child objects:Nuclei
    Calculate child-parent distances?:None
    Calculate per-parent means for all child measurements?:No
    Calculate distances to other parents?:No
    Do you want to save the children with parents as a new object set?:No
    Name the output object:RelateObjects
    Parent name:None

FilterObjects:[module_num:27|svn_version:'Unknown'|variable_revision_number:9|show_window:False|notes:[]|batch_state:array([], dtype=uint8)|enabled:True|wants_pause:False]
    Select the objects to filter:Cells
    Name the output objects:Cells_with_nuclei
    Select the filtering mode:Measurements
    Select the filtering method:Limits
    Select the objects that contain the filtered objects:Cells
    Select the location of the rules or classifier file:Elsewhere...|
    Rules or classifier file name:rules.txt
    Class number:1
    Measurement count:1
    Additional object count:0
    Assign overlapping child to:Parent with most overlap
    Keep removed objects as a seperate set?:No
    Name the objects removed by the filter:RemovedObjects
    Select the measurement to filter by:Children_Nuclei_Count
    Filter using a minimum measurement value?:Yes
    Minimum value:0.5
    Filter using a maximum measurement value?:No
    Maximum value:1.5

EnhanceOrSuppressFeatures:[module_num:28|svn_version:'Unknown'|variable_revision_number:7|show_window:False|notes:[]|batch_state:array([], dtype=uint8)|enabled:False|wants_pause:False]
    Select the input image:Tph2_BGsubtract
    Name the output image:EnhanceCellbodies
    Select the operation:Suppress
    Feature size:8
    Feature type:Speckles
    Range of hole sizes:1,10
    Smoothing scale:2.0
    Shear angle:0.0
    Decay:0.95
    Enhancement method:Tubeness
    Speed and accuracy:Fast
    Rescale result image:No

IdentifySecondaryObjects:[module_num:29|svn_version:'Unknown'|variable_revision_number:10|show_window:False|notes:[]|batch_state:array([], dtype=uint8)|enabled:True|wants_pause:False]
    Select the input objects:Cells
    Name the objects to be identified:CellsFilledOut
    Select the method to identify the secondary objects:Watershed - Image
    Select the input image:Tph2_BGsubtract
    Number of pixels by which to expand the primary objects:10
    Regularization factor:0.05
    Discard secondary objects touching the border of the image?:No
    Discard the associated primary objects?:No
    Name the new primary objects:FilteredNuclei
    Fill holes in identified objects?:Yes
    Threshold setting version:12
    Threshold strategy:Global
    Thresholding method:Otsu
    Threshold smoothing scale:1.0
    Threshold correction factor:1.3
    Lower and upper bounds on threshold:0.15,1.0
    Manual threshold:0.0
    Select the measurement to threshold with:None
    Two-class or three-class thresholding?:Three classes
    Log transform before thresholding?:No
    Assign pixels in the middle intensity class to the foreground or the background?:Background
    Size of adaptive window:50
    Lower outlier fraction:0.05
    Upper outlier fraction:0.05
    Averaging method:Mean
    Variance method:Standard deviation
    # of deviations:2.0
    Thresholding method:Minimum Cross-Entropy

IdentifySecondaryObjects:[module_num:30|svn_version:'Unknown'|variable_revision_number:10|show_window:False|notes:[]|batch_state:array([], dtype=uint8)|enabled:True|wants_pause:False]
    Select the input objects:CellsFilledOut
    Name the objects to be identified:CellsWithProcesses
    Select the method to identify the secondary objects:Watershed - Image
    Select the input image:EnhanceNeurites
    Number of pixels by which to expand the primary objects:10
    Regularization factor:0.05
    Discard secondary objects touching the border of the image?:No
    Discard the associated primary objects?:No
    Name the new primary objects:FilteredNuclei
    Fill holes in identified objects?:No
    Threshold setting version:12
    Threshold strategy:Global
    Thresholding method:Otsu
    Threshold smoothing scale:0.0
    Threshold correction factor:1.0
    Lower and upper bounds on threshold:0.0,1.0
    Manual threshold:0.0
    Select the measurement to threshold with:None
    Two-class or three-class thresholding?:Three classes
    Log transform before thresholding?:No
    Assign pixels in the middle intensity class to the foreground or the background?:Foreground
    Size of adaptive window:50
    Lower outlier fraction:0.05
    Upper outlier fraction:0.05
    Averaging method:Mean
    Variance method:Standard deviation
    # of deviations:2.0
    Thresholding method:Minimum Cross-Entropy

ExpandOrShrinkObjects:[module_num:31|svn_version:'Unknown'|variable_revision_number:2|show_window:False|notes:[]|batch_state:array([], dtype=uint8)|enabled:True|wants_pause:True]
    Select the input objects:CellsWithProcesses
    Name the output objects:BorderedCellsWithProcesses
    Select the operation:Add partial dividing lines between objects
    Number of pixels by which to expand or shrink:1
    Fill holes in objects so that all objects shrink to a single point?:Yes

ExpandOrShrinkObjects:[module_num:32|svn_version:'Unknown'|variable_revision_number:2|show_window:False|notes:[]|batch_state:array([], dtype=uint8)|enabled:True|wants_pause:False]
    Select the input objects:Cells
    Name the output objects:BorderedCells
    Select the operation:Add partial dividing lines between objects
    Number of pixels by which to expand or shrink:1
    Fill holes in objects so that all objects shrink to a single point?:Yes

RescaleIntensity:[module_num:33|svn_version:'Unknown'|variable_revision_number:3|show_window:False|notes:[]|batch_state:array([], dtype=uint8)|enabled:True|wants_pause:False]
    Select the input image:Tph2_BGsubtract
    Name the output image:RescaleTph2BGsubtract
    Rescaling method:Stretch each image to use the full intensity range
    Method to calculate the minimum intensity:Custom
    Method to calculate the maximum intensity:Custom
    Lower intensity limit for the input image:0.0
    Upper intensity limit for the input image:1.0
    Intensity range for the input image:0.0,1.0
    Intensity range for the output image:0.0,1.0
    Select image to match in maximum intensity:None
    Divisor value:1.0
    Divisor measurement:None

ConvertObjectsToImage:[module_num:34|svn_version:'Unknown'|variable_revision_number:1|show_window:False|notes:[]|batch_state:array([], dtype=uint8)|enabled:True|wants_pause:True]
    Select the input objects:BorderedCellsWithProcesses
    Name the output image:CellsWithProcesses_binary
    Select the color format:Binary (black & white)
    Select the colormap:Default

MorphologicalSkeleton:[module_num:35|svn_version:'Unknown'|variable_revision_number:1|show_window:False|notes:[]|batch_state:array([], dtype=uint8)|enabled:True|wants_pause:False]
    Select the input image:CellsWithProcesses_binary
    Name the output image:MorphologicalSkeleton

MeasureObjectSkeleton:[module_num:36|svn_version:'Unknown'|variable_revision_number:3|show_window:False|notes:['potentially seeds can be smoothcellbodies if not, then ErodedCells']|batch_state:array([], dtype=uint8)|enabled:True|wants_pause:False]
    Select the seed objects:BorderedCells
    Select the skeletonized image:MorphologicalSkeleton
    Retain the branchpoint image?:Yes
    Name the branchpoint image:BranchpointImage
    Fill small holes?:Yes
    Maximum hole size:15
    Export the skeleton graph relationships?:No
    Intensity image:None
    File output directory:Default Output Folder|
    Vertex file name:vertices.csv
    Edge file name:edges.csv

MeasureObjectIntensity:[module_num:37|svn_version:'Unknown'|variable_revision_number:4|show_window:False|notes:[]|batch_state:array([], dtype=uint8)|enabled:True|wants_pause:True]
    Select images to measure:DNA, Tph2
    Select objects to measure:Cells, CellsWithProcesses, Cells_with_nuclei, Nuclei

MeasureObjectSizeShape:[module_num:38|svn_version:'Unknown'|variable_revision_number:3|show_window:False|notes:[]|batch_state:array([], dtype=uint8)|enabled:True|wants_pause:False]
    Select object sets to measure:Cells, CellsWithProcesses, Cells_with_nuclei, Nuclei
    Calculate the Zernike features?:No
    Calculate the advanced features?:No

MeasureObjectNeighbors:[module_num:39|svn_version:'Unknown'|variable_revision_number:3|show_window:False|notes:[]|batch_state:array([], dtype=uint8)|enabled:True|wants_pause:False]
    Select objects to measure:Cells
    Select neighboring objects to measure:Cells
    Method to determine neighbors:Within a specified distance
    Neighbor distance:20
    Consider objects discarded for touching image border?:Yes
    Retain the image of objects colored by numbers of neighbors?:No
    Name the output image:ObjectNeighborCount
    Select colormap:Blues
    Retain the image of objects colored by percent of touching pixels?:No
    Name the output image:PercentTouching
    Select colormap:Oranges

RelateObjects:[module_num:40|svn_version:'Unknown'|variable_revision_number:5|show_window:False|notes:[]|batch_state:array([], dtype=uint8)|enabled:True|wants_pause:False]
    Parent objects:Cells_with_nuclei
    Child objects:Nuclei
    Calculate child-parent distances?:None
    Calculate per-parent means for all child measurements?:No
    Calculate distances to other parents?:Yes
    Do you want to save the children with parents as a new object set?:No
    Name the output object:RelateObjects
    Parent name:None

RelateObjects:[module_num:41|svn_version:'Unknown'|variable_revision_number:5|show_window:False|notes:[]|batch_state:array([], dtype=uint8)|enabled:True|wants_pause:False]
    Parent objects:Cells
    Child objects:BorderedCells
    Calculate child-parent distances?:None
    Calculate per-parent means for all child measurements?:No
    Calculate distances to other parents?:Yes
    Do you want to save the children with parents as a new object set?:No
    Name the output object:RelateObjects
    Parent name:None

RescaleIntensity:[module_num:42|svn_version:'Unknown'|variable_revision_number:3|show_window:False|notes:[]|batch_state:array([], dtype=uint8)|enabled:True|wants_pause:False]
    Select the input image:Tph2_BGsubtract
    Name the output image:Tph2_scaled
    Rescaling method:Stretch each image to use the full intensity range
    Method to calculate the minimum intensity:Custom
    Method to calculate the maximum intensity:Custom
    Lower intensity limit for the input image:0.0
    Upper intensity limit for the input image:1.0
    Intensity range for the input image:0.0,1.0
    Intensity range for the output image:0.0,1.0
    Select image to match in maximum intensity:None
    Divisor value:1.0
    Divisor measurement:None

RescaleIntensity:[module_num:43|svn_version:'Unknown'|variable_revision_number:3|show_window:False|notes:[]|batch_state:array([], dtype=uint8)|enabled:True|wants_pause:False]
    Select the input image:Tph2_BGsubtract
    Name the output image:Tph2_scaled_brighter
    Rescaling method:Choose specific values to be reset to the full intensity range
    Method to calculate the minimum intensity:Custom
    Method to calculate the maximum intensity:Custom
    Lower intensity limit for the input image:0.0
    Upper intensity limit for the input image:1.0
    Intensity range for the input image:0.0,0.4
    Intensity range for the output image:0.0,1.0
    Select image to match in maximum intensity:None
    Divisor value:1.0
    Divisor measurement:None

OverlayOutlines:[module_num:44|svn_version:'Unknown'|variable_revision_number:4|show_window:False|notes:[]|batch_state:array([], dtype=uint8)|enabled:True|wants_pause:False]
    Display outlines on a blank image?:No
    Select image on which to display outlines:Tph2_scaled
    Name the output image:_outlines_final
    Outline display mode:Color
    Select method to determine brightness of outlines:Max of image
    How to outline:Inner
    Select outline color:cyan
    Select objects to display:Cells
    Select outline color:yellow
    Select objects to display:Nuclei

OverlayOutlines:[module_num:45|svn_version:'Unknown'|variable_revision_number:4|show_window:False|notes:[]|batch_state:array([], dtype=uint8)|enabled:True|wants_pause:False]
    Display outlines on a blank image?:No
    Select image on which to display outlines:Tph2_scaled_brighter
    Name the output image:_outlines_cellsWithProcesses
    Outline display mode:Color
    Select method to determine brightness of outlines:Max of image
    How to outline:Outer
    Select outline color:magenta
    Select objects to display:CellsWithProcesses
    Select outline color:yellow
    Select objects to display:Nuclei

OverlayOutlines:[module_num:46|svn_version:'Unknown'|variable_revision_number:4|show_window:False|notes:[]|batch_state:array([], dtype=uint8)|enabled:True|wants_pause:False]
    Display outlines on a blank image?:No
    Select image on which to display outlines:BranchpointImage
    Name the output image:_outlines_branchpoints
    Outline display mode:Color
    Select method to determine brightness of outlines:Max of image
    How to outline:Outer
    Select outline color:magenta
    Select objects to display:CellsWithProcesses
    Select outline color:yellow
    Select objects to display:Nuclei
    Select outline color:cyan
    Select objects to display:BorderedCells

OverlayOutlines:[module_num:47|svn_version:'Unknown'|variable_revision_number:4|show_window:False|notes:[]|batch_state:array([], dtype=uint8)|enabled:True|wants_pause:True]
    Display outlines on a blank image?:No
    Select image on which to display outlines:Tph2_scaled
    Name the output image:_outlines_cellswithNuclei
    Outline display mode:Color
    Select method to determine brightness of outlines:Max of image
    How to outline:Inner
    Select outline color:white
    Select objects to display:Cells
    Select outline color:#FF0080
    Select objects to display:Cells_with_nuclei
    Select outline color:yellow
    Select objects to display:Nuclei

ConvertObjectsToImage:[module_num:48|svn_version:'Unknown'|variable_revision_number:1|show_window:False|notes:[]|batch_state:array([], dtype=uint8)|enabled:True|wants_pause:False]
    Select the input objects:Cells_with_nuclei
    Name the output image:Cells_with_nuclei_labelmap
    Select the color format:uint16
    Select the colormap:Default

ConvertObjectsToImage:[module_num:49|svn_version:'Unknown'|variable_revision_number:1|show_window:False|notes:[]|batch_state:array([], dtype=uint8)|enabled:True|wants_pause:False]
    Select the input objects:Cells
    Name the output image:Cells_labelmap
    Select the color format:uint16
    Select the colormap:Default

ConvertObjectsToImage:[module_num:50|svn_version:'Unknown'|variable_revision_number:1|show_window:False|notes:[]|batch_state:array([], dtype=uint8)|enabled:True|wants_pause:False]
    Select the input objects:Nuclei
    Name the output image:Nuclei_labelmap
    Select the color format:uint16
    Select the colormap:Default

SaveImages:[module_num:51|svn_version:'Unknown'|variable_revision_number:16|show_window:False|notes:[]|batch_state:array([], dtype=uint8)|enabled:True|wants_pause:True]
    Select the type of image to save:Image
    Select the image to save:Cells_with_nuclei_labelmap
    Select method for constructing file names:From image filename
    Select image name for file prefix:Tph2
    Enter single file name:OrigBlue
    Number of digits:4
    Append a suffix to the image file name?:Yes
    Text to append to the image name:_cells_with_nuclei_masks
    Saved file format:tiff
    Output file location:Default Output Folder sub-folder|Labels_cells_with_nuclei
    Image bit depth:16-bit integer
    Overwrite existing files without warning?:Yes
    When to save:Every cycle
    Record the file and path information to the saved image?:No
    Create subfolders in the output folder?:No
    Base image folder:Elsewhere...|
    How to save the series:T (Time)
    Save with lossless compression?:Yes

SaveImages:[module_num:52|svn_version:'Unknown'|variable_revision_number:16|show_window:False|notes:[]|batch_state:array([], dtype=uint8)|enabled:True|wants_pause:False]
    Select the type of image to save:Image
    Select the image to save:Cells_labelmap
    Select method for constructing file names:From image filename
    Select image name for file prefix:Tph2
    Enter single file name:OrigBlue
    Number of digits:4
    Append a suffix to the image file name?:Yes
    Text to append to the image name:_masks
    Saved file format:tiff
    Output file location:Default Output Folder sub-folder|Labels_cells
    Image bit depth:16-bit integer
    Overwrite existing files without warning?:Yes
    When to save:Every cycle
    Record the file and path information to the saved image?:No
    Create subfolders in the output folder?:No
    Base image folder:Elsewhere...|
    How to save the series:T (Time)
    Save with lossless compression?:Yes

SaveImages:[module_num:53|svn_version:'Unknown'|variable_revision_number:16|show_window:False|notes:[]|batch_state:array([], dtype=uint8)|enabled:True|wants_pause:False]
    Select the type of image to save:Image
    Select the image to save:Nuclei_labelmap
    Select method for constructing file names:From image filename
    Select image name for file prefix:DNA
    Enter single file name:OrigBlue
    Number of digits:4
    Append a suffix to the image file name?:Yes
    Text to append to the image name:_labels_nuclei_masks
    Saved file format:tiff
    Output file location:Default Output Folder sub-folder|Labels_nuclei
    Image bit depth:16-bit integer
    Overwrite existing files without warning?:Yes
    When to save:Every cycle
    Record the file and path information to the saved image?:No
    Create subfolders in the output folder?:No
    Base image folder:Elsewhere...|
    How to save the series:T (Time)
    Save with lossless compression?:Yes

SaveImages:[module_num:54|svn_version:'Unknown'|variable_revision_number:16|show_window:False|notes:[]|batch_state:array([], dtype=uint8)|enabled:True|wants_pause:True]
    Select the type of image to save:Image
    Select the image to save:_outlines_cellswithNuclei
    Select method for constructing file names:From image filename
    Select image name for file prefix:Tph2
    Enter single file name:OrigBlue
    Number of digits:4
    Append a suffix to the image file name?:Yes
    Text to append to the image name:_outline_cellswithNuclei
    Saved file format:tiff
    Output file location:Default Output Folder sub-folder|Outlines_cells_with_nuclei
    Image bit depth:16-bit integer
    Overwrite existing files without warning?:Yes
    When to save:Every cycle
    Record the file and path information to the saved image?:No
    Create subfolders in the output folder?:No
    Base image folder:Elsewhere...|
    How to save the series:T (Time)
    Save with lossless compression?:Yes

SaveImages:[module_num:55|svn_version:'Unknown'|variable_revision_number:16|show_window:False|notes:[]|batch_state:array([], dtype=uint8)|enabled:True|wants_pause:False]
    Select the type of image to save:Image
    Select the image to save:_outlines_final
    Select method for constructing file names:From image filename
    Select image name for file prefix:DNA
    Enter single file name:OrigBlue
    Number of digits:4
    Append a suffix to the image file name?:Yes
    Text to append to the image name:_outline_cells
    Saved file format:tiff
    Output file location:Default Output Folder sub-folder|Outlines_cells
    Image bit depth:16-bit integer
    Overwrite existing files without warning?:Yes
    When to save:Every cycle
    Record the file and path information to the saved image?:No
    Create subfolders in the output folder?:No
    Base image folder:Elsewhere...|
    How to save the series:T (Time)
    Save with lossless compression?:Yes

SaveImages:[module_num:56|svn_version:'Unknown'|variable_revision_number:16|show_window:False|notes:[]|batch_state:array([], dtype=uint8)|enabled:True|wants_pause:False]
    Select the type of image to save:Image
    Select the image to save:_outlines_cellsWithProcesses
    Select method for constructing file names:From image filename
    Select image name for file prefix:DNA
    Enter single file name:OrigBlue
    Number of digits:4
    Append a suffix to the image file name?:Yes
    Text to append to the image name:_outline_cellsWithProcesses
    Saved file format:tiff
    Output file location:Default Output Folder sub-folder|Outlines_CellsWithProcesses
    Image bit depth:16-bit integer
    Overwrite existing files without warning?:Yes
    When to save:Every cycle
    Record the file and path information to the saved image?:No
    Create subfolders in the output folder?:No
    Base image folder:Elsewhere...|
    How to save the series:T (Time)
    Save with lossless compression?:Yes

SaveImages:[module_num:57|svn_version:'Unknown'|variable_revision_number:16|show_window:False|notes:[]|batch_state:array([], dtype=uint8)|enabled:True|wants_pause:False]
    Select the type of image to save:Image
    Select the image to save:_outlines_branchpoints
    Select method for constructing file names:From image filename
    Select image name for file prefix:DNA
    Enter single file name:OrigBlue
    Number of digits:4
    Append a suffix to the image file name?:Yes
    Text to append to the image name:_outline_branchpoints
    Saved file format:tiff
    Output file location:Default Output Folder sub-folder|Outlines_CellsWithProcesses
    Image bit depth:16-bit integer
    Overwrite existing files without warning?:Yes
    When to save:Every cycle
    Record the file and path information to the saved image?:No
    Create subfolders in the output folder?:No
    Base image folder:Elsewhere...|
    How to save the series:T (Time)
    Save with lossless compression?:Yes

ExportToDatabase:[module_num:58|svn_version:'Unknown'|variable_revision_number:28|show_window:False|notes:[]|batch_state:array([], dtype=uint8)|enabled:True|wants_pause:False]
    Database type:SQLite
    Database name:DefaultDB
    Add a prefix to table names?:Yes
    Table prefix:Tph2_
    Output file location:Default Output Folder|
    Create a CellProfiler Analyst properties file?:No
    Database host:
    Username:
    Password:
    Name the SQLite database file:DefaultDB.db
    Calculate the per-image mean values of object measurements?:Yes
    Calculate the per-image median values of object measurements?:Yes
    Calculate the per-image standard deviation values of object measurements?:Yes
    Calculate the per-well mean values of object measurements?:No
    Calculate the per-well median values of object measurements?:No
    Calculate the per-well standard deviation values of object measurements?:No
    Export measurements for all objects to the database?:Select...
    Select the objects:BorderedCells,BorderedCellsWithProcesses,Cells,Cells_with_nuclei,Nuclei
    Maximum # of characters in a column name:64
    Create one table per object, a single object table or a single object view?:One table per object type
    Enter an image url prepend if you plan to access your files via http:
    Write image thumbnails directly to the database?:No
    Select the images for which you want to save thumbnails:
    Auto-scale thumbnail pixel intensities?:Yes
    Select the plate type:None
    Select the plate metadata:None
    Select the well metadata:None
    Include information for all images, using default values?:Yes
    Properties image group count:1
    Properties group field count:1
    Properties filter field count:0
    Workspace measurement count:1
    Experiment name:Tph2Neurons
    Which objects should be used for locations?:None
    Enter a phenotype class table name if using the Classifier tool in CellProfiler Analyst:
    Export object relationships?:Yes
    Overwrite without warning?:Never
    Access CellProfiler Analyst images via URL?:No
    Select the classification type:Object
    Select an image to include:None
    Use the image name for the display?:Yes
    Image name:Channel1
    Channel color:red
    Do you want to add group fields?:No
    Enter the name of the group:
    Enter the per-image columns which define the group, separated by commas:ImageNumber, Image_Metadata_Plate, Image_Metadata_Well
    Do you want to add filter fields?:No
    Automatically create a filter for each plate?:No
    Create a CellProfiler Analyst workspace file?:No
    Select the measurement display tool:ScatterPlot
    Type of measurement to plot on the X-axis:Image
    Enter the object name:None
    Select the X-axis measurement:None
    Select the X-axis index:ImageNumber
    Type of measurement to plot on the Y-axis:Image
    Enter the object name:None
    Select the Y-axis measurement:None
    Select the Y-axis index:ImageNumber

ExportToSpreadsheet:[module_num:59|svn_version:'Unknown'|variable_revision_number:13|show_window:False|notes:[]|batch_state:array([], dtype=uint8)|enabled:False|wants_pause:False]
    Select the column delimiter:Comma ("","")
    Add image metadata columns to your object data file?:Yes
    Add image file and folder names to your object data file?:Yes
    Select the measurements to export:No
    Calculate the per-image mean values for object measurements?:No
    Calculate the per-image median values for object measurements?:No
    Calculate the per-image standard deviation values for object measurements?:No
    Output file location:Default Output Folder|
    Create a GenePattern GCT file?:No
    Select source of sample row name:Metadata
    Select the image to use as the identifier:None
    Select the metadata to use as the identifier:None
    Export all measurement types?:No
    Press button to select measurements:
    Representation of Nan/Inf:NaN
    Add a prefix to file names?:Yes
    Filename prefix:Tph2_
    Overwrite existing files without warning?:Yes
    Data to export:Cells
    Combine these object measurements with those of the previous object?:No
    File name:DATA.csv
    Use the object name for the file name?:Yes
    Data to export:Cells_with_nuclei
    Combine these object measurements with those of the previous object?:No
    File name:DATA.csv
    Use the object name for the file name?:Yes
    Data to export:Nuclei
    Combine these object measurements with those of the previous object?:No
    File name:DATA.csv
    Use the object name for the file name?:Yes
",4.2.1,2022-10-17T20:07:26.941395,2022-10-17T23:06:06.380568
